{
  "version": 1,
  "author": "Anonymous maker",
  "editor": "wokwi",
  "parts": [
    {
      "type": "wokwi-pi-pico",
      "id": "pico",
      "top": -22.35,
      "left": 3.6,
      "attrs": { "env": "micropython-20231227-v1.22.0" }
    },
    { "type": "wokwi-led", "id": "led1", "top": -13.2, "left": -73, "attrs": { "color": "red" } },
    {
      "type": "wokwi-resistor",
      "id": "r1",
      "top": 62.4,
      "left": -86.95,
      "rotate": 90,
      "attrs": { "value": "150" }
    }
  ],
  "connections": [
    [ "led1:A", "pico:GP19", "green", [ "v76.8", "h144", "v9.6" ] ],
    [ "led1:C", "r1:1", "green", [ "v0" ] ],
    [ "r1:2", "pico:GND.1", "green", [ "h48", "v-49.2" ] ]
  ],
  "dependencies": {}
}